{
    "type": "minecraft:crafting_shaped",
    "pattern": [
        "LDL",
        "SPS",
        "LLL"
    ],
    "key": {
        "L": {
            "item": "minecraft:leather"
        },
        "D": {
            "item": "minecraft:light_blue_dye"
        },
		"S": {
			"item": "minecraft:string"
		},
        "P": {
          "type": "forge:nbt",
          "item": "pixelmon:poke_ball",
          "nbt": {
            "PokeBallID": "poke_ball"
          }
        }
      },
    "result": {
        "item": "pixelmon:light_blue_poke_bag",
        "count": 1
    }
}